,Make,Model,Vehicle Class,Engine Size(L),Cylinders,Transmission,Fuel Type,Fuel Consumption City (L/100 km),Fuel Consumption Hwy (L/100 km),Fuel Consumption Comb (L/100 km),Fuel Consumption Comb (mpg),CO2 Emissions(g/km)
0,ACURA,ILX,COMPACT,2.0,4,AS5,Z,9.9,6.7,8.5,33,196
1,ACURA,ILX,COMPACT,2.4,4,M6,Z,11.2,7.7,9.6,29,221
2,ACURA,ILX HYBRID,COMPACT,1.5,4,AV7,Z,6.0,5.8,5.9,48,136
3,ACURA,MDX 4WD,SUV - SMALL,3.5,6,AS6,Z,12.7,9.1,11.1,25,255
4,ACURA,RDX AWD,SUV - SMALL,3.5,6,AS6,Z,12.1,8.7,10.6,27,244
5,ACURA,RLX,MID-SIZE,3.5,6,AS6,Z,11.9,7.7,10.0,28,230
6,ACURA,TL,MID-SIZE,3.5,6,AS6,Z,11.8,8.1,10.1,28,232
7,ACURA,TL AWD,MID-SIZE,3.7,6,AS6,Z,12.8,9.0,11.1,25,255
8,ACURA,TL AWD,MID-SIZE,3.7,6,M6,Z,13.4,9.5,11.6,24,267
9,ACURA,TSX,COMPACT,2.4,4,AS5,Z,10.6,7.5,9.2,31,212
10,ACURA,TSX,COMPACT,2.4,4,M6,Z,11.2,8.1,9.8,29,225
11,ACURA,TSX,COMPACT,3.5,6,AS5,Z,12.1,8.3,10.4,27,239
12,ALFA ROMEO,4C,TWO-SEATER,1.8,4,AM6,Z,9.7,6.9,8.4,34,193
13,ASTON MARTIN,DB9,MINICOMPACT,5.9,12,A6,Z,18.0,12.6,15.6,18,359
14,ASTON MARTIN,RAPIDE,SUBCOMPACT,5.9,12,A6,Z,18.0,12.6,15.6,18,359
15,ASTON MARTIN,V8 VANTAGE,TWO-SEATER,4.7,8,AM7,Z,17.4,11.3,14.7,19,338
16,ASTON MARTIN,V8 VANTAGE,TWO-SEATER,4.7,8,M6,Z,18.1,12.2,15.4,18,354
17,ASTON MARTIN,V8 VANTAGE S,TWO-SEATER,4.7,8,AM7,Z,17.4,11.3,14.7,19,338
18,ASTON MARTIN,V8 VANTAGE S,TWO-SEATER,4.7,8,M6,Z,18.1,12.2,15.4,18,354
19,ASTON MARTIN,VANQUISH,MINICOMPACT,5.9,12,A6,Z,18.0,12.6,15.6,18,359
20,AUDI,A4,COMPACT,2.0,4,AV8,Z,9.9,7.4,8.8,32,202
21,AUDI,A4 QUATTRO,COMPACT,2.0,4,AS8,Z,11.5,8.1,10.0,28,230
22,AUDI,A4 QUATTRO,COMPACT,2.0,4,M6,Z,10.8,7.5,9.3,30,214
23,AUDI,A5 CABRIOLET QUATTRO,SUBCOMPACT,2.0,4,AS8,Z,11.5,8.1,10.0,28,230
24,AUDI,A5 QUATTRO,SUBCOMPACT,2.0,4,AS8,Z,11.5,8.1,10.0,28,230
25,AUDI,A5 QUATTRO,SUBCOMPACT,2.0,4,M6,Z,10.8,7.5,9.3,30,214
26,AUDI,A6 QUATTRO,MID-SIZE,2.0,4,AS8,Z,12.0,8.1,10.2,28,235
27,AUDI,A6 QUATTRO,MID-SIZE,3.0,6,AS8,Z,12.8,8.6,10.9,26,251
28,AUDI,A6 QUATTRO TDI (modified),MID-SIZE,3.0,6,AS8,D,9.8,6.2,8.1,35,217
29,AUDI,A7 QUATTRO,MID-SIZE,3.0,6,AS8,Z,13.3,8.5,11.2,25,262
30,AUDI,A7 QUATTRO TDI (modified),MID-SIZE,3.0,6,AS8,D,9.8,6.2,8.1,35,217
31,AUDI,A8,MID-SIZE,3.0,6,AS8,Z,13.1,8.8,11.2,25,258
32,AUDI,A8,MID-SIZE,4.0,8,AS8,Z,13.7,8.3,11.3,25,265
33,AUDI,A8 TDI (modified),MID-SIZE,3.0,6,AS8,D,9.8,6.5,8.4,34,224
34,AUDI,A8L,FULL-SIZE,3.0,6,AS8,Z,13.1,8.8,11.2,25,258
35,AUDI,A8L,FULL-SIZE,4.0,8,AS8,Z,14.7,9.7,12.5,23,288
36,AUDI,A8L,FULL-SIZE,6.3,12,AS8,Z,18.7,11.5,15.5,18,363
37,AUDI,A8L TDI (modified),FULL-SIZE,3.0,6,AS8,D,9.8,6.5,8.4,34,224
38,AUDI,ALLROAD QUATTRO,STATION WAGON - SMALL,2.0,4,AS8,Z,11.8,8.8,10.5,27,242
39,AUDI,Q5,SUV - SMALL,2.0,4,AS8,Z,12.0,8.5,10.4,27,239
40,AUDI,Q5,SUV - SMALL,3.0,6,AS8,Z,12.9,9.2,11.2,25,258
41,AUDI,Q5 TDI (modified),SUV - SMALL,3.0,6,AS8,D,10.2,7.8,9.0,31,244
42,AUDI,Q5 HYBRID,SUV - SMALL,2.0,4,AS8,Z,9.9,8.3,9.2,31,212
43,AUDI,Q7,SUV - STANDARD,3.0,6,AS8,Z,15.1,10.9,13.2,21,304
44,AUDI,Q7 TDI (modified),SUV - STANDARD,3.0,6,AS8,D,12.4,8.7,10.7,26,290
45,AUDI,R8,TWO-SEATER,4.2,8,A7,Z,17.6,11.0,14.6,19,336
46,AUDI,R8,TWO-SEATER,4.2,8,M6,Z,21.2,13.4,17.7,16,407
47,AUDI,R8,TWO-SEATER,5.2,10,A7,Z,18.2,10.6,14.8,19,347
48,AUDI,R8,TWO-SEATER,5.2,10,M6,Z,21.1,13.8,17.8,16,409
49,AUDI,R8 SPYDER,TWO-SEATER,4.2,8,A7,Z,17.6,11.0,14.6,19,336
50,AUDI,R8 SPYDER,TWO-SEATER,4.2,8,M6,Z,21.2,13.4,17.7,16,407
51,AUDI,R8 SPYDER,TWO-SEATER,5.2,10,A7,Z,18.2,10.6,14.8,19,347
52,AUDI,R8 SPYDER,TWO-SEATER,5.2,10,M6,Z,21.1,13.8,17.8,16,409
53,AUDI,RS 5,SUBCOMPACT,4.2,8,A7,Z,15.3,10.9,13.3,21,306
54,AUDI,RS 5 CABRIOLET,SUBCOMPACT,4.2,8,A7,Z,15.2,11.3,13.4,21,308
55,AUDI,RS 7,MID-SIZE,4.0,8,AS8,Z,15.5,8.8,12.5,23,293
56,AUDI,S4,COMPACT,3.0,6,A7,Z,13.2,9.2,11.4,25,262
57,AUDI,S4,COMPACT,3.0,6,M6,Z,14.6,9.8,12.4,23,285
58,AUDI,S5,SUBCOMPACT,3.0,6,A7,Z,13.2,9.2,11.4,25,262
59,AUDI,S5,SUBCOMPACT,3.0,6,M6,Z,14.6,9.8,12.4,23,285
60,AUDI,S5 CABRIOLET,SUBCOMPACT,3.0,6,A7,Z,13.3,9.5,11.6,24,267
61,AUDI,S6,MID-SIZE,4.0,8,A7,Z,14.2,9.7,12.2,23,281
62,AUDI,S7,MID-SIZE,4.0,8,A7,Z,14.2,9.7,12.2,23,281
63,AUDI,S8,MID-SIZE,4.0,8,AS8,Z,15.8,9.2,12.8,22,300
64,AUDI,SQ5,SUV - SMALL,3.0,6,AS8,Z,14.9,10.1,12.7,22,292
65,AUDI,TT COUPE QUATTRO,SUBCOMPACT,2.0,4,A6,Z,10.4,7.6,9.1,31,209
66,AUDI,TT ROADSTER QUATTRO,TWO-SEATER,2.0,4,A6,Z,10.4,7.6,9.1,31,209
67,AUDI,TTS COUPE QUATTRO,SUBCOMPACT,2.0,4,A6,Z,11.5,8.8,10.3,27,237
68,AUDI,TTS ROADSTER QUATTRO,TWO-SEATER,2.0,4,A6,Z,11.5,8.8,10.3,27,237
69,BENTLEY,CONTINENTAL GT,SUBCOMPACT,4.0,8,AS8,Z,16.3,9.8,13.4,21,314
70,BENTLEY,CONTINENTAL GT,SUBCOMPACT,6.0,12,AS8,Z,18.8,11.5,15.5,18,356
71,BENTLEY,CONTINENTAL GTC,SUBCOMPACT,4.0,8,AS8,Z,17.4,10.2,14.2,20,332
72,BENTLEY,CONTINENTAL GTC,SUBCOMPACT,6.0,12,AS8,Z,20.0,12.2,16.5,17,380
73,BENTLEY,CONTINENTAL GT SPEED CONVERTIBLE,SUBCOMPACT,6.0,12,AS8,Z,20.0,12.2,16.5,17,380
74,BENTLEY,FLYING SPUR,MID-SIZE,6.0,12,AS8,Z,20.3,11.9,16.5,17,388
75,BENTLEY,MULSANNE,MID-SIZE,6.8,8,AS8,Z,22.3,14.9,19.0,15,437
76,BMW,320i,COMPACT,2.0,4,A8,Z,10.0,6.5,8.4,34,193
77,BMW,320i,COMPACT,2.0,4,M6,Z,10.4,6.7,8.7,32,200
78,BMW,320i xDRIVE,COMPACT,2.0,4,A8,Z,10.2,7.0,8.8,32,202
79,BMW,328d xDRIVE,COMPACT,2.0,4,A8,D,7.6,5.5,6.7,42,181
80,BMW,328d xDRIVE TOURING,STATION WAGON - SMALL,2.0,4,A8,D,7.6,5.5,6.7,42,181
81,BMW,328i,COMPACT,2.0,4,A8,Z,10.0,6.5,8.4,34,193
82,BMW,328i,COMPACT,2.0,4,M6,Z,10.4,6.7,8.7,32,200
83,BMW,328i xDRIVE,COMPACT,2.0,4,A8,Z,10.6,7.2,9.1,31,209
84,BMW,328i xDRIVE GRAN TURISMO,FULL-SIZE,2.0,4,A8,Z,10.6,7.2,9.1,31,209
85,BMW,328i xDRIVE TOURING,STATION WAGON - SMALL,2.0,4,A8,Z,10.6,7.2,9.1,31,209
86,BMW,335i,COMPACT,3.0,6,A8,Z,11.4,7.3,9.6,29,221
87,BMW,335i,COMPACT,3.0,6,M6,Z,11.8,7.9,10.0,28,230
88,BMW,335i xDRIVE,COMPACT,3.0,6,A8,Z,11.7,7.8,9.9,29,228
89,BMW,335i xDRIVE,COMPACT,3.0,6,M6,Z,11.9,8.3,10.3,27,237
90,BMW,335i xDRIVE GRAN TURISMO,FULL-SIZE,3.0,6,A8,Z,11.9,8.0,10.1,28,232
91,BMW,428i COUPE,COMPACT,2.0,4,A8,Z,10.0,6.5,8.4,34,193
92,BMW,428i COUPE,COMPACT,2.0,4,M6,Z,10.4,6.7,8.7,32,200
93,BMW,428i xDRIVE COUPE,COMPACT,2.0,4,A8,Z,10.6,7.2,9.1,31,209
94,BMW,435i COUPE,COMPACT,3.0,6,A8,Z,11.4,7.3,9.6,29,221
95,BMW,435i COUPE,COMPACT,3.0,6,M6,Z,11.8,7.9,10.0,28,230
96,BMW,435i xDRIVE COUPE,COMPACT,3.0,6,A8,Z,11.7,7.8,9.9,29,228
97,BMW,435i xDRIVE COUPE,COMPACT,3.0,6,M6,Z,11.9,8.3,10.3,27,237
98,BMW,528i,MID-SIZE,2.0,4,A8,Z,10.2,7.0,8.8,32,202
99,BMW,528i xDRIVE,MID-SIZE,2.0,4,A8,Z,10.6,7.2,9.1,31,209
100,BMW,535d xDRIVE,MID-SIZE,3.0,6,A8,D,9.2,6.4,7.9,36,213
101,BMW,535i xDRIVE,MID-SIZE,3.0,6,A8,Z,11.9,8.0,10.1,28,232
102,BMW,535i xDRIVE GRAN TURISMO,FULL-SIZE,3.0,6,A8,Z,12.5,8.6,10.7,26,246
103,BMW,550i xDRIVE,MID-SIZE,4.4,8,A8,Z,14.4,9.6,12.2,23,281
104,BMW,550i xDRIVE GRAN TURISMO,FULL-SIZE,4.4,8,A8,Z,15.0,9.8,12.7,22,292
105,BMW,640i xDRIVE GRAN COUPE,COMPACT,3.0,6,A8,Z,11.9,8.0,10.1,28,232
106,BMW,650i xDRIVE CABRIOLET,SUBCOMPACT,4.4,8,A8,Z,15.0,9.8,12.7,22,292
107,BMW,650i xDRIVE COUPE,COMPACT,4.4,8,A8,Z,14.4,9.6,12.2,23,281
108,BMW,650i xDRIVE GRAN COUPE,COMPACT,4.4,8,A8,Z,15.0,9.8,12.7,22,292
109,BMW,740Li xDRIVE,FULL-SIZE,3.0,6,A8,Z,12.5,8.6,10.7,26,246
110,BMW,750i xDRIVE,FULL-SIZE,4.4,8,A8,Z,15.0,9.8,12.7,22,292
111,BMW,750Li xDRIVE,FULL-SIZE,4.4,8,A8,Z,15.0,9.8,12.7,22,292
112,BMW,760Li,FULL-SIZE,6.0,12,A8,Z,18.7,11.5,15.5,18,356
113,BMW,ACTIVEHYBRID 3,COMPACT,3.0,6,A8,Z,9.2,7.1,8.3,34,191
114,BMW,ACTIVEHYBRID 5,MID-SIZE,3.0,6,A8,Z,10.5,7.9,9.3,30,214
115,BMW,ACTIVEHYBRID 7L,FULL-SIZE,3.0,6,A8,Z,10.5,7.6,9.2,31,212
116,BMW,ALPINA B7 xDRIVE LWB,FULL-SIZE,4.4,8,A8,Z,15.0,9.8,12.7,22,292
117,BMW,ALPINA B7 xDRIVE SWB,FULL-SIZE,4.4,8,A8,Z,15.0,9.8,12.7,22,292
118,BMW,M5,MID-SIZE,4.4,8,AM7,Z,17.3,11.5,14.7,19,338
119,BMW,M5,MID-SIZE,4.4,8,M6,Z,16.2,10.9,13.8,20,317
120,BMW,M6,COMPACT,4.4,8,AM7,Z,17.3,11.5,14.7,19,338
121,BMW,M6,COMPACT,4.4,8,M6,Z,16.2,10.9,13.8,20,317
122,BMW,M6 CABRIOLET,SUBCOMPACT,4.4,8,AM7,Z,17.3,11.5,14.7,19,338
123,BMW,M6 CABRIOLET,SUBCOMPACT,4.4,8,M6,Z,16.2,10.9,13.8,20,317
124,BMW,M6 GRAN COUPE,COMPACT,4.4,8,AM7,Z,17.3,11.5,14.7,19,338
125,BMW,M6 GRAN COUPE,COMPACT,4.4,8,M6,Z,16.2,10.9,13.8,20,317
126,BMW,X1 xDRIVE28i,SUV - SMALL,2.0,4,A8,Z,10.6,7.2,9.1,31,209
127,BMW,X1 xDRIVE35i,SUV - SMALL,3.0,6,A6,Z,13.2,8.9,11.3,25,260
128,BMW,X3 xDRIVE28i,SUV - SMALL,2.0,4,A8,Z,11.2,8.5,10.0,28,230
129,BMW,X3 xDRIVE35i,SUV - SMALL,3.0,6,A8,Z,12.6,9.1,11.0,26,253
130,BMW,X5 xDRIVE35i,SUV - STANDARD,3.0,6,A8,Z,12.9,8.8,11.1,25,255
131,BMW,X5 xDRIVE50i,SUV - STANDARD,4.4,8,A8,Z,16.3,10.9,13.9,20,320
132,BMW,X6 M,SUV - STANDARD,4.4,8,A6,Z,18.1,13.7,16.1,18,370
133,BMW,X6 xDRIVE35i,SUV - STANDARD,3.0,6,A8,Z,13.6,9.8,11.9,24,274
134,BMW,X6 xDRIVE50i,SUV - STANDARD,4.4,8,A8,Z,16.4,11.3,14.1,20,324
135,BMW,Z4 sDRIVE28i,TWO-SEATER,2.0,4,A8,Z,10.8,7.1,9.1,31,209
136,BMW,Z4 sDRIVE28i,TWO-SEATER,2.0,4,M6,Z,10.4,6.7,8.7,32,200
137,BMW,Z4 sDRIVE35i,TWO-SEATER,3.0,6,AM7,Z,13.7,10.1,12.1,23,278
138,BMW,Z4 sDRIVE35i,TWO-SEATER,3.0,6,M6,Z,12.7,9.0,11.0,26,253
139,BMW,Z4 sDRIVE35is,TWO-SEATER,3.0,6,AM7,Z,13.7,10.1,12.1,23,278
140,BUICK,ENCLAVE,SUV - STANDARD,3.6,6,A6,X,14.3,9.9,12.3,23,283
141,BUICK,ENCLAVE AWD,SUV - STANDARD,3.6,6,A6,X,14.6,10.2,12.6,22,290
142,BUICK,ENCORE,SUV - SMALL,1.4,4,AS6,X,9.5,7.2,8.5,33,196
143,BUICK,ENCORE AWD,SUV - SMALL,1.4,4,AS6,X,10.2,8.0,9.2,31,212
144,BUICK,LACROSSE,MID-SIZE,3.6,6,AS6,X,13.7,8.7,11.5,25,264
145,BUICK,LACROSSE,MID-SIZE,3.6,6,AS6,E,18.4,12.2,15.6,18,250
146,BUICK,LACROSSE AWD,MID-SIZE,3.6,6,AS6,X,13.7,8.9,11.5,25,264
147,BUICK,LACROSSE AWD,MID-SIZE,3.6,6,AS6,E,19.4,13.0,16.5,17,264
148,BUICK,LACROSSE eASSIST,MID-SIZE,2.4,4,AS6,X,9.6,6.5,8.2,34,189
149,BUICK,REGAL,MID-SIZE,2.0,4,AS6,Z,11.5,7.9,9.9,29,228
150,BUICK,REGAL,MID-SIZE,2.0,4,M6,Z,11.6,7.5,9.8,29,225
151,BUICK,REGAL AWD,MID-SIZE,2.0,4,AS6,Z,12.3,8.7,10.7,26,246
152,BUICK,REGAL eASSIST,MID-SIZE,2.4,4,AS6,X,9.6,6.5,8.2,34,189
153,BUICK,VERANO,COMPACT,2.0,4,AS6,Z,11.5,7.9,9.9,29,228
154,BUICK,VERANO,COMPACT,2.0,4,M6,Z,11.6,7.5,9.8,29,225
155,BUICK,VERANO,COMPACT,2.4,4,AS6,X,11.3,7.4,9.5,30,218
156,CADILLAC,ATS,COMPACT,2.0,4,AS6,Z,11.3,7.5,9.6,29,221
157,CADILLAC,ATS,COMPACT,2.0,4,M6,Z,12.1,7.9,10.2,28,235
158,CADILLAC,ATS,COMPACT,2.5,4,AS6,X,10.5,7.2,9.0,31,207
159,CADILLAC,ATS,COMPACT,3.6,6,AS6,X,12.8,8.5,10.9,26,251
160,CADILLAC,ATS AWD,COMPACT,2.0,4,AS6,Z,11.8,8.1,10.1,28,232
161,CADILLAC,ATS AWD,COMPACT,3.6,6,AS6,X,13.1,9.0,11.3,25,260
162,CADILLAC,CTS COUPE,MID-SIZE,3.6,6,AS6,X,13.2,8.7,11.2,25,258
163,CADILLAC,CTS COUPE AWD,MID-SIZE,3.6,6,AS6,X,13.3,9.0,11.4,25,262
164,CADILLAC,CTS SEDAN,MID-SIZE,2.0,4,AS6,Z,11.9,7.9,10.1,28,232
165,CADILLAC,CTS SEDAN,MID-SIZE,3.6,6,AS8,X,12.9,8.2,10.8,26,248
166,CADILLAC,CTS SEDAN AWD,MID-SIZE,2.0,4,AS6,Z,12.6,8.5,10.8,26,248
167,CADILLAC,CTS SEDAN AWD,MID-SIZE,3.6,6,AS6,X,13.1,9.0,11.3,25,260
168,CADILLAC,CTS SEDAN Vsport,MID-SIZE,3.6,6,AS8,Z,15.1,9.9,12.8,22,294
169,CADILLAC,CTS SPORT WAGON,STATION WAGON - SMALL,3.0,6,AS6,X,12.7,8.9,11.0,26,253
170,CADILLAC,CTS SPORT WAGON,STATION WAGON - SMALL,3.6,6,AS6,X,13.3,8.9,11.3,25,260
171,CADILLAC,CTS SPORT WAGON AWD,STATION WAGON - SMALL,3.0,6,AS6,X,12.8,9.1,11.1,25,255
172,CADILLAC,CTS SPORT WAGON AWD,STATION WAGON - SMALL,3.6,6,AS6,X,13.3,9.0,11.4,25,262
173,CADILLAC,CTS-V COUPE,MID-SIZE,6.2,8,AS6,Z,19.7,12.9,16.6,17,382
174,CADILLAC,CTS-V COUPE,MID-SIZE,6.2,8,M6,Z,16.7,12.5,14.8,19,340
175,CADILLAC,CTS-V SEDAN,MID-SIZE,6.2,8,AS6,Z,19.7,12.9,16.6,17,382
176,CADILLAC,CTS-V SEDAN,MID-SIZE,6.2,8,M6,Z,16.7,12.5,14.8,19,340
177,CADILLAC,CTS-V SPORT WAGON,STATION WAGON - SMALL,6.2,8,AS6,Z,19.7,12.9,16.6,17,382
178,CADILLAC,CTS-V SPORT WAGON,STATION WAGON - SMALL,6.2,8,M6,Z,16.7,12.5,14.8,19,340
179,CADILLAC,ESCALADE AWD,SUV - STANDARD,6.2,8,A6,Z,17.0,11.8,14.7,19,338
180,CADILLAC,ESCALADE AWD,SUV - STANDARD,6.2,8,A6,E,23.3,16.1,20.1,14,322
181,CADILLAC,ESCALADE ESV AWD,SUV - STANDARD,6.2,8,A6,Z,18.8,13.4,16.4,17,377
182,CADILLAC,ESCALADE ESV AWD,SUV - STANDARD,6.2,8,A6,E,25.7,17.8,22.1,13,354
183,CADILLAC,SRX,SUV - STANDARD,3.6,6,AS6,X,14.3,9.8,12.3,23,283
184,CADILLAC,SRX AWD,SUV - STANDARD,3.6,6,AS6,X,14.8,10.4,12.8,22,294
185,CADILLAC,XTS,FULL-SIZE,3.6,6,AS6,X,13.6,8.6,11.4,25,262
186,CADILLAC,XTS AWD,FULL-SIZE,3.6,6,AS6,X,14.0,9.1,11.8,24,271
187,CADILLAC,XTS Vsport AWD,FULL-SIZE,3.6,6,AS6,Z,14.8,9.8,12.6,22,290
188,CHEVROLET,CAMARO,COMPACT,3.6,6,AS6,X,13.2,8.7,11.2,25,258
189,CHEVROLET,CAMARO,COMPACT,3.6,6,M6,X,14.2,8.6,11.7,24,269
190,CHEVROLET,CAMARO 2LS,COMPACT,3.6,6,AS6,X,12.7,7.9,10.5,27,242
191,CHEVROLET,CAMARO SS,COMPACT,6.2,8,AS6,Z,15.3,9.8,12.8,22,294
192,CHEVROLET,CAMARO SS,COMPACT,6.2,8,M6,Z,15.0,9.9,12.7,22,292
193,CHEVROLET,CAMARO ZL1,COMPACT,6.2,8,AS6,Z,19.7,12.9,16.6,17,382
194,CHEVROLET,CAMARO ZL1,COMPACT,6.2,8,M6,Z,16.7,12.5,14.8,19,340
195,CHEVROLET,CORVETTE,TWO-SEATER,6.2,8,AS6,Z,14.9,8.5,12.0,24,276
196,CHEVROLET,CORVETTE,TWO-SEATER,6.2,8,M7,Z,13.7,8.2,11.2,25,258
197,CHEVROLET,CRUZE,MID-SIZE,1.4,4,AS6,X,9.1,6.3,7.8,36,179
198,CHEVROLET,CRUZE,MID-SIZE,1.4,4,M6,X,9.1,6.3,7.8,36,179
199,CHEVROLET,CRUZE,MID-SIZE,1.8,4,AS6,X,10.5,6.7,8.8,32,202
200,CHEVROLET,CRUZE,MID-SIZE,1.8,4,M6,X,9.5,6.5,8.2,34,189
201,CHEVROLET,CRUZE DIESEL,MID-SIZE,2.0,4,AS6,D,8.7,5.1,7.1,40,192
202,CHEVROLET,CRUZE ECO,MID-SIZE,1.4,4,A6,X,9.1,6.0,7.7,37,177
203,CHEVROLET,CRUZE ECO,MID-SIZE,1.4,4,M6,X,8.4,5.6,7.1,40,163
204,CHEVROLET,EQUINOX,SUV - SMALL,2.4,4,A6,X,10.5,7.3,9.1,31,209
205,CHEVROLET,EQUINOX,SUV - SMALL,3.6,6,A6,X,13.9,9.6,12.0,24,276
206,CHEVROLET,EQUINOX,SUV - SMALL,3.6,6,A6,E,18.8,13.1,16.2,17,259
207,CHEVROLET,EQUINOX AWD,SUV - SMALL,2.4,4,A6,X,11.5,8.2,10.0,28,230
208,CHEVROLET,EQUINOX AWD,SUV - SMALL,3.6,6,A6,X,14.8,9.9,12.6,22,290
209,CHEVROLET,EQUINOX AWD,SUV - SMALL,3.6,6,A6,E,19.8,13.6,17.0,17,272
210,CHEVROLET,EXPRESS 1500 CARGO,VAN - CARGO,4.3,6,A4,X,17.1,12.7,15.1,19,347
211,CHEVROLET,EXPRESS 1500 CARGO,VAN - CARGO,5.3,8,A4,X,18.0,13.4,15.9,18,366
212,CHEVROLET,EXPRESS 1500 CARGO,VAN - CARGO,5.3,8,A4,E,23.5,17.7,20.9,14,334
213,CHEVROLET,EXPRESS 1500 CARGO AWD,VAN - CARGO,5.3,8,A4,X,18.3,14.2,16.5,17,380
214,CHEVROLET,EXPRESS 1500 CARGO AWD,VAN - CARGO,5.3,8,A4,E,23.7,18.8,21.5,13,344
215,CHEVROLET,EXPRESS 1500 CARGO CONV,VAN - CARGO,5.3,8,A4,X,18.6,13.9,16.5,17,380
216,CHEVROLET,EXPRESS 1500 CARGO CONV,VAN - CARGO,5.3,8,A4,E,23.9,18.5,21.5,13,344
217,CHEVROLET,EXPRESS 1500 CARGO CONV AWD,VAN - CARGO,5.3,8,A4,X,18.3,14.2,16.5,17,380
218,CHEVROLET,EXPRESS 1500 CARGO CONV AWD,VAN - CARGO,5.3,8,A4,E,25.3,19.3,22.6,12,362
219,CHEVROLET,EXPRESS 1500 PASSENGER,VAN - PASSENGER,5.3,8,A4,X,18.6,13.9,16.5,17,380
220,CHEVROLET,EXPRESS 1500 PASSENGER,VAN - PASSENGER,5.3,8,A4,E,23.9,18.5,21.5,13,344
221,CHEVROLET,EXPRESS 1500 PASSENGER AWD,VAN - PASSENGER,5.3,8,A4,X,18.3,14.2,16.5,17,380
222,CHEVROLET,EXPRESS 1500 PASSENGER AWD,VAN - PASSENGER,5.3,8,A4,E,25.3,19.3,22.6,12,362
223,CHEVROLET,EXPRESS 2500 PASSENGER,VAN - PASSENGER,4.8,8,A6,X,21.1,14.2,18.0,16,414
224,CHEVROLET,EXPRESS 2500 PASSENGER,VAN - PASSENGER,6.0,8,A6,X,21.9,15.0,18.8,15,432
225,CHEVROLET,EXPRESS 2500 PASSENGER,VAN - PASSENGER,6.0,8,A6,E,30.0,20.4,25.7,11,411
226,CHEVROLET,EXPRESS 3500 PASSENGER,VAN - PASSENGER,4.8,8,A6,X,21.3,14.3,18.2,16,419
227,CHEVROLET,EXPRESS 3500 PASSENGER,VAN - PASSENGER,6.0,8,A6,X,22.1,15.0,18.9,15,435
228,CHEVROLET,EXPRESS 3500 PASSENGER,VAN - PASSENGER,6.0,8,A6,E,30.2,20.5,25.8,11,413
229,CHEVROLET,IMPALA,FULL-SIZE,2.5,4,AS6,X,11.3,7.5,9.6,29,221
230,CHEVROLET,IMPALA,FULL-SIZE,3.6,6,AS6,X,12.6,8.2,10.6,27,244
231,CHEVROLET,IMPALA,FULL-SIZE,3.6,6,AS6,E,16.7,11.3,14.3,20,229
232,CHEVROLET,IMPALA ECO,FULL-SIZE,2.4,4,AS6,X,10.0,7.0,8.7,32,200
233,CHEVROLET,MALIBU,MID-SIZE,2.0,4,AS6,Z,11.5,7.9,9.9,29,228
234,CHEVROLET,MALIBU,MID-SIZE,2.5,4,AS6,X,9.3,6.4,8.0,35,184
235,CHEVROLET,ORLANDO,SUV - SMALL,2.4,4,AS6,X,12.2,8.6,10.6,27,244
236,CHEVROLET,ORLANDO,SUV - SMALL,2.4,4,M6,X,11.8,8.3,10.2,28,235
237,CHEVROLET,SILVERADO,PICKUP TRUCK - STANDARD,4.3,6,A6,X,13.4,9.9,11.8,24,271
238,CHEVROLET,SILVERADO,PICKUP TRUCK - STANDARD,4.3,6,A6,E,18.9,14.2,16.8,17,269
239,CHEVROLET,SILVERADO,PICKUP TRUCK - STANDARD,5.3,8,A6,X,14.6,10.3,12.7,22,292
240,CHEVROLET,SILVERADO,PICKUP TRUCK - STANDARD,5.3,8,A6,E,19.5,13.7,16.9,17,270
241,CHEVROLET,SILVERADO,PICKUP TRUCK - STANDARD,6.2,8,A6,Z,16.3,11.4,14.1,20,324
242,CHEVROLET,SILVERADO 4WD,PICKUP TRUCK - STANDARD,4.3,6,A6,X,14.2,10.6,12.6,22,290
243,CHEVROLET,SILVERADO 4WD,PICKUP TRUCK - STANDARD,4.3,6,A6,E,20.0,15.1,17.8,16,285
244,CHEVROLET,SILVERADO 4WD,PICKUP TRUCK - STANDARD,5.3,8,A6,X,14.9,10.6,13.0,22,299
245,CHEVROLET,SILVERADO 4WD,PICKUP TRUCK - STANDARD,5.3,8,A6,E,19.9,14.2,17.3,16,277
246,CHEVROLET,SILVERADO 4WD,PICKUP TRUCK - STANDARD,6.2,8,A6,Z,16.4,11.7,14.3,20,329
247,CHEVROLET,SONIC,COMPACT,1.4,4,AS6,X,9.1,6.7,8.0,35,184
248,CHEVROLET,SONIC,COMPACT,1.4,4,M6,X,8.5,6.2,7.5,38,173
249,CHEVROLET,SONIC,COMPACT,1.8,4,AS6,X,9.6,6.6,8.3,34,191
250,CHEVROLET,SONIC,COMPACT,1.8,4,M5,X,8.9,6.7,7.9,36,182
251,CHEVROLET,SONIC RS,COMPACT,1.4,4,AS6,X,9.4,7.0,8.3,34,191
252,CHEVROLET,SONIC RS,COMPACT,1.4,4,M6,X,8.8,7.0,8.0,35,184
253,CHEVROLET,SONIC 5,MID-SIZE,1.4,4,AS6,X,9.1,6.7,8.0,35,184
254,CHEVROLET,SONIC 5,MID-SIZE,1.4,4,M6,X,8.5,6.2,7.5,38,172
255,CHEVROLET,SONIC 5,MID-SIZE,1.8,4,AS6,X,9.6,6.6,8.3,34,191
256,CHEVROLET,SONIC 5,MID-SIZE,1.8,4,M5,X,8.9,6.7,7.9,36,182
257,CHEVROLET,SONIC 5 RS,MID-SIZE,1.4,4,AS6,X,9.4,7.0,8.3,34,191
258,CHEVROLET,SONIC 5 RS,MID-SIZE,1.4,4,M6,X,8.8,7.0,8.0,35,184
259,CHEVROLET,SPARK,SUBCOMPACT,1.2,4,AV,X,7.7,6.0,6.9,41,159
260,CHEVROLET,SPARK,SUBCOMPACT,1.2,4,M5,X,7.6,6.0,6.9,41,159
261,CHEVROLET,SUBURBAN,SUV - STANDARD,5.3,8,A6,X,16.0,11.1,13.8,20,317
262,CHEVROLET,SUBURBAN,SUV - STANDARD,5.3,8,A6,E,21.5,14.6,18.4,15,294
263,CHEVROLET,SUBURBAN 4WD,SUV - STANDARD,5.3,8,A6,X,16.0,11.1,13.8,20,317
264,CHEVROLET,SUBURBAN 4WD,SUV - STANDARD,5.3,8,A6,E,21.5,14.6,18.4,15,294
265,CHEVROLET,TAHOE,SUV - STANDARD,5.3,8,A6,X,16.0,11.1,13.8,20,317
266,CHEVROLET,TAHOE,SUV - STANDARD,5.3,8,A6,E,21.5,14.6,18.4,15,294
267,CHEVROLET,TAHOE 4WD,SUV - STANDARD,5.3,8,A6,X,16.0,11.1,13.8,20,317
268,CHEVROLET,TAHOE 4WD,SUV - STANDARD,5.3,8,A6,E,21.5,14.6,18.4,15,294
269,CHEVROLET,TRAVERSE,SUV - STANDARD,3.6,6,A6,X,14.3,9.9,12.3,23,283
270,CHEVROLET,TRAVERSE AWD,SUV - STANDARD,3.6,6,A6,X,14.6,10.2,12.6,22,290
271,CHEVROLET,TRAX,SUV - SMALL,1.4,4,AS6,X,9.4,7.1,8.4,34,193
272,CHEVROLET,TRAX,SUV - SMALL,1.4,4,M6,X,9.1,6.8,8.1,35,186
273,CHEVROLET,TRAX AWD,SUV - SMALL,1.4,4,AS6,X,10.0,7.8,9.0,31,207
274,CHRYSLER,300,FULL-SIZE,3.6,6,A8,X,12.4,7.7,10.3,27,237
275,CHRYSLER,200 CONVERTIBLE,COMPACT,2.4,4,A4,X,11.7,8.2,10.1,28,232
276,CHRYSLER,200 CONVERTIBLE,COMPACT,2.4,4,A6,X,12.9,8.1,10.7,26,246
277,CHRYSLER,200 CONVERTIBLE FFV,COMPACT,3.6,6,A6,X,12.5,8.1,10.5,27,242
278,CHRYSLER,200 CONVERTIBLE FFV,COMPACT,3.6,6,A6,E,17.0,11.2,14.4,20,230
279,CHRYSLER,200 SEDAN,MID-SIZE,2.4,4,A4,X,11.2,8.0,9.8,29,225
280,CHRYSLER,200 SEDAN,MID-SIZE,2.4,4,A6,X,12.0,7.6,10.0,28,230
281,CHRYSLER,200 SEDAN FFV,MID-SIZE,3.6,6,A6,X,12.5,8.1,10.5,27,242
282,CHRYSLER,200 SEDAN FFV,MID-SIZE,3.6,6,A6,E,17.0,11.2,14.4,20,230
283,CHRYSLER,300 (MDS),FULL-SIZE,5.7,8,A5,X,15.8,9.2,12.8,22,294
284,CHRYSLER,300 AWD,FULL-SIZE,3.6,6,A8,X,12.8,8.6,10.9,26,251
285,CHRYSLER,300 AWD (MDS),FULL-SIZE,5.7,8,A5,X,16.1,10.0,13.4,21,308
286,CHRYSLER,300 AWD FFV,FULL-SIZE,3.6,6,A8,X,12.8,8.6,10.9,26,251
287,CHRYSLER,300 AWD FFV,FULL-SIZE,3.6,6,A8,E,17.3,11.7,14.8,19,237
288,CHRYSLER,300 FFV,FULL-SIZE,3.6,6,A8,X,12.4,7.7,10.3,27,237
289,CHRYSLER,300 FFV,FULL-SIZE,3.6,6,A8,E,16.8,10.3,13.9,20,222
290,CHRYSLER,300 SRT (MDS),FULL-SIZE,6.4,8,A5,Z,16.7,10.3,13.8,20,317
291,CHRYSLER,TOWN & COUNTRY FFV,MINIVAN,3.6,6,A6,X,14.1,9.5,12.0,24,276
292,CHRYSLER,TOWN & COUNTRY FFV,MINIVAN,3.6,6,A6,E,19.7,13.3,16.8,17,269
293,DODGE,AVENGER,MID-SIZE,2.4,4,A4,X,11.2,8.0,9.8,29,225
294,DODGE,AVENGER,MID-SIZE,2.4,4,A6,X,12.0,7.6,10.0,28,230
295,DODGE,AVENGER FFV,MID-SIZE,3.6,6,A6,X,12.5,8.1,10.5,27,242
296,DODGE,AVENGER FFV,MID-SIZE,3.6,6,A6,E,17.0,11.2,14.4,20,230
297,DODGE,CHALLENGER,MID-SIZE,3.6,6,A5,X,13.2,8.7,11.2,25,258
298,DODGE,CHALLENGER,MID-SIZE,5.7,8,M6,X,15.6,10.0,13.1,22,301
299,DODGE,CHALLENGER (MDS),MID-SIZE,5.7,8,A5,X,15.8,9.2,12.8,22,294
300,DODGE,CHALLENGER SRT,MID-SIZE,6.4,8,M6,Z,16.8,10.4,13.9,20,320
301,DODGE,CHALLENGER SRT (MDS),MID-SIZE,6.4,8,A5,Z,16.7,10.3,13.8,20,317
302,DODGE,CHARGER,FULL-SIZE,3.6,6,A5,X,13.2,8.7,11.2,25,258
303,DODGE,CHARGER,FULL-SIZE,3.6,6,A8,X,12.4,7.7,10.3,27,237
304,DODGE,CHARGER (MDS),FULL-SIZE,5.7,8,A5,X,15.8,9.2,12.8,22,294
305,DODGE,CHARGER AWD,FULL-SIZE,3.6,6,A8,X,12.8,8.6,10.9,26,251
306,DODGE,CHARGER AWD (MDS),FULL-SIZE,5.7,8,A5,X,16.1,10.0,13.4,21,308
307,DODGE,CHARGER AWD FFV,FULL-SIZE,3.6,6,A8,X,12.8,8.6,10.9,26,251
308,DODGE,CHARGER AWD FFV,FULL-SIZE,3.6,6,A8,E,17.3,11.7,14.8,19,237
309,DODGE,CHARGER FFV,FULL-SIZE,3.6,6,A5,X,13.2,8.7,11.2,25,258
310,DODGE,CHARGER FFV,FULL-SIZE,3.6,6,A5,E,18.3,12.6,15.7,18,251
311,DODGE,CHARGER FFV,FULL-SIZE,3.6,6,A8,X,12.3,7.6,10.2,28,235
312,DODGE,CHARGER FFV,FULL-SIZE,3.6,6,A8,E,16.8,10.3,13.9,20,222
313,DODGE,CHARGER SRT (MDS),FULL-SIZE,6.4,8,A5,Z,16.7,10.3,13.8,20,317
314,DODGE,DART,MID-SIZE,2.0,4,M6,X,9.4,6.5,8.1,35,186
315,DODGE,DART,MID-SIZE,2.4,4,A6,X,10.1,6.8,8.6,33,198
316,DODGE,DART,MID-SIZE,2.4,4,M6,X,10.5,6.7,8.8,32,202
317,DODGE,DART FFV,MID-SIZE,2.0,4,A6,X,9.9,7.0,8.6,33,198
318,DODGE,DART FFV,MID-SIZE,2.0,4,A6,E,14.2,9.8,12.2,23,195
319,DODGE,DART GT,MID-SIZE,2.4,4,A6,X,10.6,7.5,9.2,31,212
320,DODGE,DART GT,MID-SIZE,2.4,4,M6,X,10.2,7.0,8.8,32,202
321,DODGE,DART TURBO AERO,MID-SIZE,1.4,4,AM6,X,8.4,5.9,7.3,39,168
322,DODGE,DART TURBO AERO,MID-SIZE,1.4,4,M6,X,8.5,5.8,7.3,39,168
323,DODGE,DURANGO AWD (MDS),SUV - STANDARD,5.7,8,A8,X,17.3,10.8,14.4,20,331
324,DODGE,DURANGO AWD FFV,SUV - STANDARD,3.6,6,A8,X,13.9,9.8,12.1,23,278
325,DODGE,DURANGO AWD FFV,SUV - STANDARD,3.6,6,A8,E,17.7,13.0,15.6,18,250
326,DODGE,GRAND CARAVAN FFV,MINIVAN,3.6,6,A6,X,13.7,9.4,11.8,24,271
327,DODGE,GRAND CARAVAN FFV,MINIVAN,3.6,6,A6,E,19.2,13.1,16.5,17,264
328,DODGE,JOURNEY,SUV - SMALL,2.4,4,A4,X,12.7,9.1,11.1,25,255
329,DODGE,JOURNEY AWD,SUV - SMALL,3.6,6,A6,X,14.5,9.9,12.4,23,285
330,DODGE,JOURNEY FFV,SUV - SMALL,3.6,6,A6,X,14.2,9.4,12.0,24,276
331,DODGE,JOURNEY FFV,SUV - SMALL,3.6,6,A6,E,18.9,12.9,16.2,17,259
332,FIAT,500 ABARTH CABRIO,MINICOMPACT,1.4,4,M5,X,8.5,6.9,7.8,36,179
333,FIAT,500 ABARTH HATCHBACK,MINICOMPACT,1.4,4,M5,X,8.5,6.9,7.8,36,179
334,FIAT,500 CABRIO,MINICOMPACT,1.4,4,A6,X,8.7,6.9,7.9,36,182
335,FIAT,500 CABRIO,MINICOMPACT,1.4,4,M5,X,7.9,6.3,7.2,39,166
336,FIAT,500 CABRIO TURBO,MINICOMPACT,1.4,4,M5,X,8.5,6.9,7.8,36,179
337,FIAT,500 HATCHBACK,MINICOMPACT,1.4,4,A6,X,8.7,6.9,7.9,36,182
338,FIAT,500 HATCHBACK,MINICOMPACT,1.4,4,M5,X,7.6,5.9,6.8,42,156
339,FIAT,500 HATCHBACK TURBO,MINICOMPACT,1.4,4,M5,X,8.5,6.9,7.8,36,179
340,FIAT,500L TURBO,STATION WAGON - SMALL,1.4,4,AM6,X,10.0,7.2,8.7,32,200
341,FIAT,500L TURBO,STATION WAGON - SMALL,1.4,4,M6,X,9.3,7.2,8.4,34,193
342,FORD,C-MAX HYBRID,FULL-SIZE,2.0,4,AV,X,5.6,6.4,6.0,47,138
343,FORD,E150 VAN FFV,VAN - CARGO,4.6,8,A4,X,17.7,14.4,16.2,17,373
344,FORD,E150 VAN FFV,VAN - CARGO,4.6,8,A4,E,24.1,19.2,21.9,13,350
345,FORD,E150 VAN FFV,VAN - CARGO,5.4,8,A4,X,19.3,14.7,17.2,16,396
346,FORD,E150 VAN FFV,VAN - CARGO,5.4,8,A4,E,24.9,19.6,22.5,13,360
347,FORD,E150 WAGON FFV,VAN - PASSENGER,4.6,8,A4,X,18.6,14.6,16.8,17,386
348,FORD,E150 WAGON FFV,VAN - PASSENGER,4.6,8,A4,E,25.5,20.0,23.0,12,368
349,FORD,E350 WAGON,VAN - PASSENGER,6.8,10,A5,X,23.9,17.8,21.2,13,488
350,FORD,E350 WAGON FFV,VAN - PASSENGER,5.4,8,A4,X,20.6,15.5,18.3,15,421
351,FORD,E350 WAGON FFV,VAN - PASSENGER,5.4,8,A4,E,26.7,20.5,23.9,12,382
352,FORD,EDGE,SUV - SMALL,2.0,4,A6,X,11.3,7.9,9.8,29,225
353,FORD,EDGE,SUV - SMALL,3.5,6,AS6,X,12.6,8.7,10.8,26,248
354,FORD,EDGE AWD,SUV - SMALL,3.5,6,AS6,X,13.3,9.3,11.5,25,264
355,FORD,EDGE AWD,SUV - SMALL,3.7,6,AS6,X,13.7,10.4,12.2,23,281
356,FORD,ESCAPE,SUV - SMALL,1.6,4,AS6,X,10.4,7.4,9.1,31,209
357,FORD,ESCAPE,SUV - SMALL,2.0,4,AS6,X,10.9,8.0,9.6,29,221
358,FORD,ESCAPE,SUV - SMALL,2.5,4,AS6,X,10.9,7.5,9.4,30,216
359,FORD,ESCAPE AWD,SUV - SMALL,1.6,4,AS6,X,10.5,7.9,9.3,30,214
360,FORD,ESCAPE AWD,SUV - SMALL,2.0,4,AS6,X,11.2,8.5,10.0,28,230
361,FORD,EXPEDITION 4X4 FFV,SUV - STANDARD,5.4,8,A6,X,18.2,13.3,16.0,18,368
362,FORD,EXPEDITION 4X4 FFV,SUV - STANDARD,5.4,8,A6,E,24.5,18.0,21.6,13,346
363,FORD,EXPLORER,SUV - STANDARD,2.0,4,A6,X,11.8,8.3,10.2,28,235
364,FORD,EXPLORER AWD,SUV - STANDARD,3.5,6,AS6,X,14.8,10.7,13.0,22,299
365,FORD,EXPLORER FFV,SUV - STANDARD,3.5,6,AS6,X,13.7,9.7,11.9,24,274
366,FORD,EXPLORER FFV,SUV - STANDARD,3.5,6,AS6,E,18.3,12.9,15.9,18,254
367,FORD,EXPLORER FFV AWD,SUV - STANDARD,3.5,6,AS6,X,14.3,10.3,12.5,23,288
368,FORD,EXPLORER FFV AWD,SUV - STANDARD,3.5,6,AS6,E,18.9,13.9,16.7,17,267
369,FORD,F-150,PICKUP TRUCK - STANDARD,3.5,6,A6,X,14.5,10.6,12.7,22,292
370,FORD,F-150,PICKUP TRUCK - STANDARD,3.5,6,AS6,X,14.6,10.6,12.8,22,294
371,FORD,F-150,PICKUP TRUCK - STANDARD,6.2,8,AS6,X,18.3,12.9,15.9,18,366
372,FORD,F-150 4X4,PICKUP TRUCK - STANDARD,3.5,6,A6,X,15.9,11.3,13.8,20,317
373,FORD,F-150 4X4,PICKUP TRUCK - STANDARD,3.5,6,AS6,X,15.4,11.0,13.4,21,308
374,FORD,F-150 4X4,PICKUP TRUCK - STANDARD,6.2,8,AS6,X,20.1,14.4,17.5,16,402
375,FORD,F-150 FFV,PICKUP TRUCK - STANDARD,3.7,6,A6,X,14.0,10.3,12.3,23,283
376,FORD,F-150 FFV,PICKUP TRUCK - STANDARD,3.7,6,A6,E,18.8,13.7,16.5,17,264
377,FORD,F-150 FFV,PICKUP TRUCK - STANDARD,3.7,6,AS6,X,14.0,10.3,12.3,23,283
378,FORD,F-150 FFV,PICKUP TRUCK - STANDARD,3.7,6,AS6,E,18.8,13.7,16.5,17,264
379,FORD,F-150 FFV,PICKUP TRUCK - STANDARD,5.0,8,A6,X,16.4,12.3,14.6,19,336
380,FORD,F-150 FFV,PICKUP TRUCK - STANDARD,5.0,8,A6,E,22.1,16.7,19.7,14,315
381,FORD,F-150 FFV,PICKUP TRUCK - STANDARD,5.0,8,AS6,X,16.4,12.3,14.6,19,336
382,FORD,F-150 FFV,PICKUP TRUCK - STANDARD,5.0,8,AS6,E,22.1,16.7,19.7,14,315
383,FORD,F-150 FFV 4X4,PICKUP TRUCK - STANDARD,3.7,6,A6,X,15.0,11.4,13.4,21,308
384,FORD,F-150 FFV 4X4,PICKUP TRUCK - STANDARD,3.7,6,A6,E,20.2,15.3,18.0,16,288
385,FORD,F-150 FFV 4X4,PICKUP TRUCK - STANDARD,3.7,6,AS6,X,15.0,11.4,13.4,21,308
386,FORD,F-150 FFV 4X4,PICKUP TRUCK - STANDARD,3.7,6,AS6,E,20.2,15.3,18.0,16,288
387,FORD,F-150 FFV 4X4,PICKUP TRUCK - STANDARD,5.0,8,A6,X,16.8,12.6,14.9,19,343
388,FORD,F-150 FFV 4X4,PICKUP TRUCK - STANDARD,5.0,8,A6,E,22.4,17.0,20.0,14,320
389,FORD,F-150 FFV 4X4,PICKUP TRUCK - STANDARD,5.0,8,AS6,X,16.7,12.5,14.8,19,340
390,FORD,F-150 FFV 4X4,PICKUP TRUCK - STANDARD,5.0,8,AS6,E,22.4,16.9,19.9,14,318
391,FORD,F-150 RAPTOR 4X4,PICKUP TRUCK - STANDARD,6.2,8,AS6,X,20.4,15.0,18.0,16,414
392,FORD,FIESTA,SUBCOMPACT,1.6,4,AS6,X,8.5,6.5,7.6,37,175
393,FORD,FIESTA,SUBCOMPACT,1.6,4,M5,X,8.6,6.4,7.6,37,175
394,FORD,FIESTA SFE,SUBCOMPACT,1.0,4,M5,X,7.5,5.5,6.6,43,152
395,FORD,FIESTA SFE,SUBCOMPACT,1.6,4,AS6,X,8.0,5.8,7.0,40,161
396,FORD,FIESTA ST,COMPACT,1.6,4,M6,X,8.9,6.8,8.0,35,184
397,FORD,FLEX,SUV - STANDARD,3.5,6,AS6,X,13.2,9.4,11.5,25,264
398,FORD,FLEX AWD,SUV - STANDARD,3.5,6,AS6,X,13.7,10.2,12.1,23,278
399,FORD,FLEX AWD (EcoBoost),SUV - STANDARD,3.5,6,AS6,X,14.8,10.4,12.8,22,294
400,FORD,FOCUS,COMPACT,2.0,4,M6,X,10.2,7.4,8.9,32,205
401,FORD,FOCUS FFV,COMPACT,2.0,4,A6,X,8.8,6.4,7.7,37,177
402,FORD,FOCUS FFV,COMPACT,2.0,4,A6,E,11.7,8.5,10.3,27,165
403,FORD,FOCUS FFV,COMPACT,2.0,4,AS6,X,8.9,6.4,7.8,36,179
404,FORD,FOCUS FFV,COMPACT,2.0,4,AS6,E,11.7,8.5,10.3,27,165
405,FORD,FOCUS FFV,COMPACT,2.0,4,M5,X,9.1,6.6,8.0,35,184
406,FORD,FOCUS FFV,COMPACT,2.0,4,M5,E,11.9,8.9,10.6,27,170
407,FORD,FOCUS SFE FFV,COMPACT,2.0,4,A6,X,8.4,5.8,7.2,39,166
408,FORD,FOCUS SFE FFV,COMPACT,2.0,4,A6,E,11.6,8.3,10.1,28,162
409,FORD,FUSION,MID-SIZE,1.5,4,AS6,X,10.1,6.6,8.5,33,196
410,FORD,FUSION,MID-SIZE,1.6,4,M6,X,9.4,6.4,8.1,35,186
411,FORD,FUSION,MID-SIZE,2.0,4,AS6,X,10.5,7.1,9.0,31,207
412,FORD,FUSION,MID-SIZE,2.5,4,AS6,X,10.5,7.0,8.9,32,205
413,FORD,FUSION (Start/Stop),MID-SIZE,1.5,4,AS6,X,9.5,6.3,8.1,35,186
414,FORD,FUSION AWD,MID-SIZE,2.0,4,AS6,X,10.9,7.5,9.4,30,216
415,FORD,FUSION HYBRID,MID-SIZE,2.0,4,AV,X,5.3,5.7,5.5,51,126
416,FORD,MUSTANG,SUBCOMPACT,3.7,6,A6,X,12.1,7.8,10.2,28,235
417,FORD,MUSTANG,SUBCOMPACT,3.7,6,M6,X,12.7,8.1,10.6,27,244
418,FORD,MUSTANG,SUBCOMPACT,5.0,8,A6,X,13.3,9.3,11.5,25,264
419,FORD,MUSTANG,SUBCOMPACT,5.0,8,M6,X,15.4,9.4,12.7,22,292
420,FORD,MUSTANG,SUBCOMPACT,5.8,8,M6,Z,15.9,9.9,13.2,21,304
421,FORD,MUSTANG CONVERTIBLE,SUBCOMPACT,3.7,6,A6,X,12.5,8.2,10.6,27,244
422,FORD,TAURUS,FULL-SIZE,2.0,4,AS6,X,10.5,7.3,9.1,31,209
423,FORD,TAURUS AWD,FULL-SIZE,3.5,6,AS6,X,13.7,9.4,11.8,24,271
424,FORD,TAURUS FFV,FULL-SIZE,3.5,6,AS6,X,12.1,8.1,10.3,27,237
425,FORD,TAURUS FFV,FULL-SIZE,3.5,6,AS6,E,17.0,11.1,14.3,20,229
426,FORD,TAURUS FFV AWD,FULL-SIZE,3.5,6,AS6,X,13.0,9.1,11.2,25,258
427,FORD,TAURUS FFV AWD,FULL-SIZE,3.5,6,AS6,E,18.4,12.5,15.7,18,251
428,FORD,TRANSIT CONNECT,SPECIAL PURPOSE VEHICLE,1.6,4,AS6,X,10.8,8.0,9.5,30,218
429,FORD,TRANSIT CONNECT,SPECIAL PURPOSE VEHICLE,2.5,4,AS6,X,11.3,8.2,9.9,29,228
430,FORD,TRANSIT CONNECT TAXI,SPECIAL PURPOSE VEHICLE,1.6,4,AS6,X,11.5,8.3,10.1,28,232
431,FORD,TRANSIT CONNECT WAGON,SPECIAL PURPOSE VEHICLE,2.5,4,AS6,X,11.9,8.5,10.4,27,239
432,GMC,ACADIA,SUV - STANDARD,3.6,6,A6,X,14.3,9.9,12.3,23,283
433,GMC,ACADIA AWD,SUV - STANDARD,3.6,6,A6,X,14.9,10.4,12.9,22,297
434,GMC,SAVANA 1500 CARGO,VAN - CARGO,4.3,6,A4,X,17.1,12.7,15.1,19,347
435,GMC,SAVANA 1500 CARGO,VAN - CARGO,5.3,8,A4,X,18.0,13.4,15.9,18,366
436,GMC,SAVANA 1500 CARGO,VAN - CARGO,5.3,8,A4,E,23.5,17.7,20.9,14,334
437,GMC,SAVANA 1500 CARGO AWD,VAN - CARGO,5.3,8,A4,X,18.3,14.2,16.5,17,380
438,GMC,SAVANA 1500 CARGO AWD,VAN - CARGO,5.3,8,A4,E,23.7,18.8,21.5,13,344
439,GMC,SAVANA 1500 CARGO CONV,VAN - CARGO,5.3,8,A4,X,18.6,13.9,16.5,17,380
440,GMC,SAVANA 1500 CARGO CONV,VAN - CARGO,5.3,8,A4,E,23.9,18.5,21.5,13,344
441,GMC,SAVANA 1500 CARGO CONV AWD,VAN - CARGO,5.3,8,A4,X,18.3,14.2,16.5,17,380
442,GMC,SAVANA 1500 CARGO CONV AWD,VAN - CARGO,5.3,8,A4,E,25.3,19.3,22.6,12,362
443,GMC,SAVANA 1500 PASSENGER,VAN - PASSENGER,5.3,8,A4,X,18.6,13.9,16.5,17,380
444,GMC,SAVANA 1500 PASSENGER,VAN - PASSENGER,5.3,8,A4,E,23.9,18.5,21.5,13,344
445,GMC,SAVANA 1500 PASSENGER AWD,VAN - PASSENGER,5.3,8,A4,X,18.3,14.2,16.5,17,380
446,GMC,SAVANA 1500 PASSENGER AWD,VAN - PASSENGER,5.3,8,A4,E,25.3,19.3,22.6,12,362
447,GMC,SAVANA 2500 PASSENGER,VAN - PASSENGER,4.8,8,A6,X,21.1,14.2,18.0,16,414
448,GMC,SAVANA 2500 PASSENGER,VAN - PASSENGER,6.0,8,A6,X,21.9,15.0,18.8,15,432
449,GMC,SAVANA 2500 PASSENGER,VAN - PASSENGER,6.0,8,A6,E,30.0,20.4,25.7,11,411
450,GMC,SAVANA 3500 PASSENGER,VAN - PASSENGER,4.8,8,A6,X,21.3,14.3,18.2,16,419
451,GMC,SAVANA 3500 PASSENGER,VAN - PASSENGER,6.0,8,A6,X,22.1,15.0,18.9,15,435
452,GMC,SAVANA 3500 PASSENGER,VAN - PASSENGER,6.0,8,A6,E,30.2,20.5,25.8,11,413
453,GMC,SIERRA,PICKUP TRUCK - STANDARD,4.3,6,A6,X,13.4,9.9,11.8,24,271
454,GMC,SIERRA,PICKUP TRUCK - STANDARD,4.3,6,A6,E,18.9,14.2,16.8,17,269
455,GMC,SIERRA,PICKUP TRUCK - STANDARD,5.3,8,A6,X,14.6,10.3,12.7,22,292
456,GMC,SIERRA,PICKUP TRUCK - STANDARD,5.3,8,A6,E,19.5,13.7,16.9,17,270
457,GMC,SIERRA,PICKUP TRUCK - STANDARD,6.2,8,A6,Z,16.3,11.4,14.1,20,324
458,GMC,SIERRA 4WD,PICKUP TRUCK - STANDARD,4.3,6,A6,X,14.2,10.6,12.6,22,290
459,GMC,SIERRA 4WD,PICKUP TRUCK - STANDARD,4.3,6,A6,E,20.0,15.1,17.8,16,285
460,GMC,SIERRA 4WD,PICKUP TRUCK - STANDARD,5.3,8,A6,X,14.9,10.6,13.0,22,299
461,GMC,SIERRA 4WD,PICKUP TRUCK - STANDARD,5.3,8,A6,E,19.9,14.2,17.3,16,277
462,GMC,SIERRA 4WD,PICKUP TRUCK - STANDARD,6.2,8,A6,Z,16.4,11.7,14.3,20,329
463,GMC,TERRAIN,SUV - SMALL,2.4,4,A6,X,10.5,7.3,9.1,31,209
464,GMC,TERRAIN,SUV - SMALL,3.6,6,A6,X,13.9,9.6,12.0,24,276
465,GMC,TERRAIN,SUV - SMALL,3.6,6,A6,E,18.8,13.1,16.2,17,259
466,GMC,TERRAIN AWD,SUV - SMALL,2.4,4,A6,X,11.5,8.2,10.0,28,230
467,GMC,TERRAIN AWD,SUV - SMALL,3.6,6,A6,X,14.8,9.9,12.6,22,290
468,GMC,TERRAIN AWD,SUV - SMALL,3.6,6,A6,E,19.8,13.6,17.0,17,272
469,GMC,YUKON,SUV - STANDARD,5.3,8,A6,X,16.0,11.1,13.8,20,317
470,GMC,YUKON,SUV - STANDARD,5.3,8,A6,E,21.5,14.6,18.4,15,294
471,GMC,YUKON 4WD,SUV - STANDARD,5.3,8,A6,X,16.0,11.1,13.8,20,317
472,GMC,YUKON 4WD,SUV - STANDARD,5.3,8,A6,E,21.5,14.6,18.4,15,294
473,GMC,YUKON DENALI AWD,SUV - STANDARD,6.2,8,A6,Z,17.0,11.8,14.7,19,338
474,GMC,YUKON DENALI AWD,SUV - STANDARD,6.2,8,A6,E,23.3,16.1,20.1,14,322
475,GMC,YUKON DENALI XL AWD,SUV - STANDARD,6.2,8,A6,Z,18.8,13.4,16.4,17,377
476,GMC,YUKON DENALI XL AWD,SUV - STANDARD,6.2,8,A6,E,25.7,17.8,22.1,13,354
477,GMC,YUKON XL,SUV - STANDARD,5.3,8,A6,X,16.0,11.1,13.8,20,317
478,GMC,YUKON XL,SUV - STANDARD,5.3,8,A6,E,21.5,14.6,18.4,15,294
479,GMC,YUKON XL 4WD,SUV - STANDARD,5.3,8,A6,X,16.0,11.1,13.8,20,317
480,GMC,YUKON XL 4WD,SUV - STANDARD,5.3,8,A6,E,21.5,14.6,18.4,15,294
481,HONDA,ACCORD,MID-SIZE,2.4,4,AV,X,9.0,6.6,7.9,36,182
482,HONDA,ACCORD,MID-SIZE,2.4,4,AV7,X,9.1,6.9,8.1,35,186
483,HONDA,ACCORD,MID-SIZE,2.4,4,M6,X,10.1,6.9,8.7,32,200
484,HONDA,ACCORD,MID-SIZE,3.5,6,A6,X,11.0,6.8,9.1,31,209
485,HONDA,ACCORD,MID-SIZE,3.5,6,AS6,X,11.4,7.3,9.6,29,221
486,HONDA,ACCORD,MID-SIZE,3.5,6,M6,X,13.0,8.4,10.9,26,251
487,HONDA,ACCORD HYBRID,MID-SIZE,2.0,4,AV,X,4.7,4.9,4.8,59,110
488,HONDA,CIVIC,COMPACT,1.8,4,AV,X,7.9,6.0,7.0,40,161
489,HONDA,CIVIC,COMPACT,1.8,4,AV7,X,8.1,6.2,7.2,39,166
490,HONDA,CIVIC,COMPACT,1.8,4,M5,X,8.5,6.6,7.6,37,175
491,HONDA,CROSSTOUR AWD,SUV - SMALL,3.5,6,A6,X,12.5,8.5,10.7,26,246
492,HONDA,CR-V,SUV - SMALL,2.4,4,A5,X,10.3,7.6,9.1,31,209
493,HONDA,CR-V AWD,SUV - SMALL,2.4,4,A5,X,10.6,7.9,9.4,30,216
494,HONDA,CR-Z,TWO-SEATER,1.5,4,AV7,X,6.6,6.0,6.3,45,145
495,HONDA,CR-Z,TWO-SEATER,1.5,4,M6,X,7.6,6.1,6.9,41,159
496,HONDA,FIT,STATION WAGON - SMALL,1.5,4,A5,X,8.3,6.5,7.5,38,172
497,HONDA,FIT,STATION WAGON - SMALL,1.5,4,M5,X,8.3,6.9,7.7,37,177
498,HONDA,ODYSSEY,MINIVAN,3.5,6,A6,X,12.3,8.5,10.6,27,244
499,HONDA,PILOT,SUV - SMALL,3.5,6,A5,X,13.3,9.3,11.5,25,265
